Index,side_node_idx,side_node_text
0,-1,
1,11,Invoice date
2,-1,
3,13,Keizersgracht 559
4,-1,
5,15,The Netherlands
6,17,+31 (0)20 627 03 06
7,-1,
8,-1,
9,-1,
10,-1,
11,-1,
12,-1,
14,-1,
15,-1,
16,-1,
17,-1,
18,-1,
19,-1,
20,21,Annual Membership Fee 2022 (Circular 5335)
21,23,Amount
22,-1,
23,26,EUR
24,-1,
25,27,"7,500.00"
26,-1,
27,-1,
28,29,EUR
29,30,"7,500.00"
30,-1,
31,-1,
32,-1,
33,-1,
34,-1,
35,-1,
36,-1,
37,-1,
38,,
